,Upd,02/28/2025,,,,,,,,,,,,,,,,,,,,,,,,,,,,,,,,,,,,,,,,,,,,,,,,,,,,,,,
,,"REDTRACK CAMPAIGN 
1st TOUCH",,SALES,,,,,,,KEY METRICS,,,,,,,,,,,,,,,,,,,,,MACRO CONVERSIONS,,,,,,,,,MACv OFFLINE,,,MICRO CONVERSIONS,,,,,,METRICS,,,,,,,
,,,,TOTAL SALES,M SALES,T SALES,D SALES,RT ONL,RT OFL,,SPEND,REV,MER,RT CLICKS,USERS,M USERS,T USERS,D USERS,SMOOTH LEAD,tSL,rSL,rSLP,cSL,cSLP,QLSCORE,tQL,rQL,rQLP,cQL,cQLP,,ALL CONV.,VIEW CONTENT,TEL CLICK,CHAT,FORM,BOT,VIEW CHECKOUT,ADD TO CART,,QUOTE,VIDEO LIBRARY,,DURATION,ACTIONS,8 MINS ACTIVE,??,??,,P CLICKS,AvCPC,IMP,COLD,WARM,WARM %,BOUNCE,UAR
,,,,,,,,,,,,,,,,,,,,,,,,,,,,,,,,,,,,,,,,,,,,,,,,,,,,,,,,,
,SHOP,USSHOP - HB,,N/A,N/A,N/A,N/A,N/A,N/A,,N/A,N/A,#VALUE!,,,,,,0,0,#VALUE!,#VALUE!,#VALUE!,#VALUE!,0,0,#VALUE!,#VALUE!,#VALUE!,#VALUE!,,0.00,N/A,N/A,,,,,,,N/A,N/A,,,,0.00,N/A,N/A,,N/A,N/A,N/A,,,#DIV/0!,N/A,#DIV/0!
,,USSHOP - HBS,,N/A,N/A,N/A,N/A,N/A,N/A,,N/A,N/A,#VALUE!,,,,,,0,0,#VALUE!,#VALUE!,#VALUE!,#VALUE!,0,0,#VALUE!,#VALUE!,#VALUE!,#VALUE!,,0.00,N/A,N/A,,,,,,,N/A,N/A,,,,0.00,N/A,N/A,,N/A,N/A,N/A,,,#DIV/0!,N/A,#DIV/0!
,,USSHOP - HOME,,1,1,0,0,1,0,,"$4,883","$10,889",2.23,,,,,,15,1,10889,726,4883,326,5,0,#DIV/0!,2178,#DIV/0!,977,,0.00,,,,,,,,,N/A,N/A,,,,0.00,N/A,N/A,,288,16.95,"38,442.00",,,#DIV/0!,N/A,#DIV/0!
,,USSHOP - SALE,,N/A,N/A,N/A,N/A,N/A,N/A,,N/A,N/A,#VALUE!,,,,,,0,0,#VALUE!,#VALUE!,#VALUE!,#VALUE!,0,0,#VALUE!,#REF!,#VALUE!,#REF!,,0.00,N/A,N/A,,,,,,,N/A,N/A,,,,0.00,N/A,N/A,,N/A,N/A,N/A,,,#DIV/0!,N/A,#DIV/0!
,,USSHOP - CATCH,,N/A,N/A,N/A,N/A,N/A,N/A,,N/A,N/A,#VALUE!,,,,,,0,0,#VALUE!,#VALUE!,#VALUE!,#VALUE!,0,0,#VALUE!,#VALUE!,#VALUE!,#VALUE!,,0.00,N/A,N/A,,,,,,,N/A,N/A,,,,0.00,N/A,N/A,,N/A,N/A,N/A,,,#DIV/0!,N/A,#DIV/0!
,,USSHOP - LUXURY,,0,0,0,0,0,0,,"$4,213",,0.00,,,,,,0,0,#DIV/0!,#DIV/0!,#DIV/0!,#DIV/0!,0,1,0,#DIV/0!,4213,#DIV/0!,,0.00,,,,,,,,,N/A,N/A,,,,0.00,N/A,N/A,,572,7.37,"82,647.00",,,#DIV/0!,N/A,#DIV/0!
,,RLSA - SHOP,,N/A,N/A,N/A,N/A,N/A,N/A,,N/A,N/A,#VALUE!,N/A,N/A,N/A,N/A,N/A,0,0,#VALUE!,#VALUE!,#VALUE!,#VALUE!,0,0,#VALUE!,#VALUE!,#VALUE!,#VALUE!,,0,N/A,N/A,N/A,N/A,N/A,N/A,N/A,,N/A,N/A,,N/A,N/A,N/A,N/A,N/A,,N/A,N/A,N/A,N/A,N/A,N/A,N/A,N/A
,,TOTAL SHOP,,1,1,0,0,1,0,,"$9,096","$10,889",1.20,0,0,0,0,0,15,1,"$10,889",$726,"$9,096",$606,5,1,#VALUE!,2178,#VALUE!,1819,,0,0,0,0,0,0,0,0,,--,--,,--,0,0.00,,,,860.00,12.16,"121,089.00",0.00,0.00,#DIV/0!,--,#DIV/0!
,,,,,,,,,,,,,,,,,,,,,,,,,,,,,,,,,,,,,,,,,,,,,,,,,,,,,,,,,
,SEARCH ,USHB - HOSP BEDS,,0,0,0,0,0,0,,"$2,530",,0.00,,,,,,0,0,#DIV/0!,#DIV/0!,#DIV/0!,#DIV/0!,0,0,#DIV/0!,#DIV/0!,#DIV/0!,#DIV/0!,,0,,,,,,,,,N/A,N/A,,,,,N/A,N/A,,382.00,6.62,"2,924.00",,,#DIV/0!,N/A,#DIV/0!
,,USHB - HOSP BEDS SS,,0,0,0,0,0,0,,$171,,0.00,,#VALUE!,,,,0,0,#DIV/0!,#DIV/0!,#DIV/0!,#DIV/0!,0,0,#DIV/0!,#DIV/0!,#DIV/0!,#DIV/0!,,0,,,,,,,,,N/A,N/A,,,,,N/A,N/A,,48.00,3.57,564.00,--,--,#VALUE!,N/A,#VALUE!
,,USHB - HOSP BED,,0,0,0,0,0,0,,0,,#DIV/0!,,#VALUE!,,,,0,0,#DIV/0!,#DIV/0!,#DIV/0!,#DIV/0!,0,0,#DIV/0!,#DIV/0!,#DIV/0!,#DIV/0!,,0,,,,,,,,,N/A,N/A,,,,,N/A,N/A,,N/A,N/A,N/A,--,--,#VALUE!,N/A,#VALUE!
,,USHB - HOME,,0,0,0,0,0,0,,"$2,242",,0.00,,0,,,,0,0,#DIV/0!,#DIV/0!,#DIV/0!,#DIV/0!,0,0,#DIV/0!,#DIV/0!,#DIV/0!,#DIV/0!,,0,,,,,,,,,N/A,N/A,,,,,N/A,N/A,,360.00,6.23,"3,632.00",,,#DIV/0!,N/A,#DIV/0!
,,USHB - HOME SS,,0,0,0,0,0,0,,$130,,0.00,,#VALUE!,,,,0,0,#DIV/0!,#DIV/0!,#DIV/0!,#DIV/0!,0,0,#DIV/0!,#DIV/0!,#DIV/0!,#DIV/0!,,0,,,,,,,,,N/A,N/A,,,,,N/A,N/A,,40.00,3.26,542.00,--,--,#VALUE!,N/A,#VALUE!
,,USHB - SALE,,0,0,0,0,0,0,,0,,#DIV/0!,,0,,,,0,0,#DIV/0!,#DIV/0!,#DIV/0!,#DIV/0!,0,0,#DIV/0!,#DIV/0!,#DIV/0!,#DIV/0!,,0,,,,,,,,,N/A,N/A,,,,,N/A,N/A,,N/A,N/A,N/A,,,#DIV/0!,N/A,#DIV/0!
,,USHB - CATCH,,0,0,0,0,0,0,,0,,#DIV/0!,,#VALUE!,,,,0,0,#DIV/0!,#DIV/0!,#DIV/0!,#DIV/0!,0,0,#DIV/0!,#DIV/0!,#DIV/0!,#DIV/0!,,0,,,,,,,,,N/A,N/A,,,,,N/A,N/A,,N/A,N/A,N/A,--,--,#VALUE!,N/A,#VALUE!
,,USHB - LUXURY,,2,0,0,2,1,1,,"$4,540","$18,764",4.13,,0,,,,15,2,9382,1251,2270,303,9,2,9382,2085,2270,504,,0,,,,,,,,,N/A,N/A,,,,,N/A,N/A,,641.00,7.08,"7,156.00",,,#DIV/0!,N/A,#DIV/0!
,,USHB - LUXURY SS,,0,0,0,0,0,0,,$306,,0.00,,#VALUE!,,,,0,0,#DIV/0!,#DIV/0!,#DIV/0!,#DIV/0!,0,0,#DIV/0!,#DIV/0!,#DIV/0!,#DIV/0!,,0,,,,,,,,,N/A,N/A,,,,,N/A,N/A,,66.00,4.64,606.00,--,--,#VALUE!,N/A,#VALUE!
,,USHB - DSA,,0,0,0,0,0,0,,N/A,N/A,N/A,N/A,N/A,N/A,N/A,N/A,0,0,#VALUE!,#VALUE!,#VALUE!,#VALUE!,0,0,#VALUE!,#VALUE!,#VALUE!,#VALUE!,,0,,,,,,,,,N/A,N/A,,,,,N/A,N/A,,N/A,N/A,N/A,N/A,N/A,#VALUE!,N/A,#VALUE!
,,US MAIN,,0,0,0,0,0,0,,N/A,,#VALUE!,,#VALUE!,,,,0,0,#DIV/0!,#DIV/0!,#VALUE!,#VALUE!,0,0,#DIV/0!,#DIV/0!,#VALUE!,#VALUE!,,0,,,,,,,,,N/A,N/A,,,,,N/A,N/A,,N/A,N/A,N/A,N/A,N/A,#VALUE!,N/A,#VALUE!
,,VOLKER,,0,0,0,0,0,0,,37.85,,0.00,,0,,,,0,0,#DIV/0!,#DIV/0!,#DIV/0!,#DIV/0!,0,0,#DIV/0!,#DIV/0!,#DIV/0!,#DIV/0!,,0,N/A,N/A,N/A,N/A,N/A,N/A,N/A,,N/A,N/A,,,,,N/A,N/A,,6.00,6.31,48.00,,,#DIV/0!,N/A,#DIV/0!
,,RLSA - SEARCH,,0,0,0,0,0,0,,N/A,N/A,N/A,N/A,N/A,N/A,N/A,N/A,0,0,#VALUE!,#VALUE!,#VALUE!,#VALUE!,0,0,#VALUE!,#VALUE!,#VALUE!,#VALUE!,,0,N/A,N/A,N/A,N/A,N/A,N/A,N/A,,N/A,N/A,,N/A,N/A,N/A,N/A,N/A,,N/A,N/A,N/A,N/A,N/A,N/A,N/A,N/A
,,TOTAL SEARCH,,2,0,0,2,1,1,,"$9,958","$18,764",1.88,0,0,0,0,0,15,2,"$9,382","$1,251","$4,979",$664,9,2,#DIV/0!,2085,#DIV/0!,1106,,0,0,0,0,0,0,0,0,,--,--,,--,0,0,,,,"1,543.00",6.23,"15,472.00",0.00,0.00,#DIV/0!,--,#DIV/0!
,,,,,,,,,,,,,,,,,,,,,,,,,,,,,,,,,,,,,,,,,,,,,,,,,,,,,,,,,
,BRANDED,BRANDED - US,,7,1,0,5,3,3,,$654,"$88,144",134.70,0,0,,,,63,7,12592,1399,93,10,30,7,12592,2938,93,22,,0,,,,,,,,,N/A,N/A,,,,,N/A,N/A,,179.00,3.66,606.00,,,#DIV/0!,N/A,#DIV/0!
,,BRAND - AM,,3,1,0,1,1,1,,,"$37,980",#DIV/0!,,,,,,25,3,12660,1519,0,0,12,3,12660,3165,0,0,,0,,,,,,,,,,,,,,,,,,,,,,,#DIV/0!,N/A,#DIV/0!
,,BRAND - MW,,4,0,0,4,2,2,,,"$50,164",#DIV/0!,,,,,,38,4,12541,1320,0,0,18,4,12541,2787,0,0,,0,,,,,,,,,,,,,,,,,,,,,,,#DIV/0!,N/A,#DIV/0!
,,BRANDED - CAN,,0,0,0,0,0,0,,$373,$0,0.00,,,,,,0,0,#DIV/0!,#DIV/0!,#DIV/0!,#DIV/0!,0,0,#DIV/0!,#DIV/0!,#DIV/0!,#DIV/0!,,0,,,,,,,,,N/A,N/A,,,,,N/A,N/A,,112.00,3.33,445.00,,,#DIV/0!,N/A,#DIV/0!
,,TOTAL BRAND,,7,1,0,5,3,3,,"$1,027","$88,144",85.80,0,0,0,0,0,63,7,"$12,592","$1,399",$147,$16,30,7,"$12,592",2938,$147,34,,0,0,0,0,0,0,0,0,,--,--,,--,0,0,,,,291.00,6.99,"1,051.00",0.00,0.00,#DIV/0!,--,#DIV/0!
,,,,,,,,,,,,,,,,,,,,,,,,,,,,,,,,,,,,,,,,,,,,,,,,,,,,,,,,,
,DISPLAY,REMKTG - SEARCH,,N/A,N/A,N/A,N/A,N/A,N/A,,N/A,N/A,#VALUE!,,#VALUE!,0,0,0,,,#VALUE!,#VALUE!,#VALUE!,#VALUE!,,,#VALUE!,#VALUE!,#VALUE!,#VALUE!,,N/A,N/A,N/A,N/A,N/A,N/A,N/A,N/A,,N/A,N/A,,N/A,N/A,N/A,N/A,N/A,,N/A,N/A,N/A,N/A,N/A,#VALUE!,N/A,#VALUE!
,,REMKTG - SHOP,,N/A,N/A,N/A,N/A,N/A,N/A,,N/A,N/A,#VALUE!,,#VALUE!,0,0,0,,,#VALUE!,#VALUE!,#VALUE!,#VALUE!,,,#VALUE!,#VALUE!,#VALUE!,#VALUE!,,N/A,N/A,N/A,N/A,N/A,N/A,N/A,N/A,,N/A,N/A,,N/A,N/A,N/A,N/A,N/A,,N/A,N/A,N/A,N/A,N/A,#VALUE!,N/A,#VALUE!
,,TOTAL DISPLAY,,0,0,0,0,0,0,,$0,$0,#DIV/0!,0,0,0,0,0,0,0,#DIV/0!,#DIV/0!,#DIV/0!,#DIV/0!,0,0,#DIV/0!,#DIV/0!,#DIV/0!,#DIV/0!,,0,0,0,0,0,0,0,0,,--,--,,--,0,0,,,,0.00,#NUM!,0.00,0,0.00,#DIV/0!,--,#DIV/0!
,,,,,,,,,,,,,,,,,,,,,,,,,,,,,,,,,,,,,,,,,,,,,,,,,,,,,,,,,
,RENTAL,DFW - RENT,,N/A,0,0,0,N/A,N/A,,N/A,,#VALUE!,,,,,,0,0,#DIV/0!,#DIV/0!,#VALUE!,#VALUE!,0,0,#DIV/0!,#DIV/0!,#VALUE!,#VALUE!,,0,,,,,,,,,N/A,N/A,,,,,N/A,N/A,,,,,,,#DIV/0!,N/A,#DIV/0!
,,MOIL - RENT,,N/A,0,0,0,N/A,N/A,,,,#DIV/0!,,,,,,0,0,#DIV/0!,#DIV/0!,#DIV/0!,#DIV/0!,0,0,#DIV/0!,#DIV/0!,#DIV/0!,#DIV/0!,,0,,,,,,,,,N/A,N/A,,,,,N/A,N/A,,,,,,,#DIV/0!,N/A,#DIV/0!
,,ORL - RENT,,N/A,0,0,0,N/A,N/A,,N/A,,#VALUE!,N/A,N/A,N/A,N/A,N/A,0,0,N/A,N/A,N/A,N/A,0,0,#DIV/0!,#DIV/0!,#VALUE!,#VALUE!,,0,N/A,N/A,N/A,N/A,N/A,N/A,N/A,,N/A,N/A,,N/A,N/A,N/A,N/A,N/A,,N/A,N/A,N/A,N/A,N/A,#VALUE!,N/A,#VALUE!
,,ONT - RENT,,N/A,0,0,0,N/A,N/A,,,,#DIV/0!,,,,,,4,1,0,0,0,0,3,1,0,0,0,0,,0,,,,,,,,,N/A,N/A,,,,,N/A,N/A,,,,,,,#DIV/0!,N/A,#DIV/0!
,,TOTAL RENT,,0,0,0,0,0,0,,$0,$0,#DIV/0!,0,0,0,0,0,4,1,$0,$0,$0,$0,3,1,$0,0,$0,0,,0,0,0,0,0,0,0,0,,--,--,,--,0,0,,,,0.00,#NUM!,0.00,0.00,0.00,#DIV/0!,,#DIV/0!
,,,,,,,,,,,,,,,,,,,,,,,,,,,,,,,,,,,,,,,,,,,,,,,,,,,,,,,,,
,ORGANIC,GOOGLE,,5,1,1,3,2,2,,"$5,300","$51,639",9.74,,,,,,42,5,10328,1230,1060,126,21,5,10328,2459,1060,252,,0,,,,,,,,,N/A,N/A,,,,,N/A,N/A,,,N/A,,,,#DIV/0!,N/A,#DIV/0!
,,GOOGLE - CA,,2,0,1,1,1,0,,,"$20,416",#DIV/0!,,,,,,23,2,10208,888,0,0,8,2,10208,2552,0,0,,0,,,,,,,,,,,,,,,,,,,,,,,#DIV/0!,N/A,#DIV/0!
,,GOOGLE - AM,,1,0,0,1,1,0,,,"$9,177",#DIV/0!,,,,,,15,1,9177,612,0,0,5,1,9177,1835,0,0,,0,,,,,,,,,,,,,,,,,,,,,,,#DIV/0!,N/A,#DIV/0!
,,GOOGLE - MW,,2,1,0,1,0,2,,,"$22,046",#DIV/0!,,,,,,4,2,11023,5512,0,0,8,2,11023,2756,0,0,,0,,,,,,,,,,,,,,,,,,,,,,,#DIV/0!,N/A,#DIV/0!
,,BING,,0,0,0,0,0,0,,,,#DIV/0!,,,,,,0,0,#DIV/0!,#DIV/0!,#DIV/0!,#DIV/0!,0,0,#DIV/0!,#DIV/0!,#DIV/0!,#DIV/0!,,0,,,,,,,,,N/A,N/A,,,,,N/A,N/A,,,N/A,,,,#DIV/0!,N/A,#DIV/0!
,,BING - CA,,0,0,0,0,0,0,,,,#DIV/0!,,,,,,0,0,#DIV/0!,#DIV/0!,#DIV/0!,#DIV/0!,0,0,#DIV/0!,#DIV/0!,#DIV/0!,#DIV/0!,,0,,,,,,,,,,,,,,,,,,,,,,,#DIV/0!,N/A,#DIV/0!
,,BING - AM,,0,0,0,0,0,0,,,,#DIV/0!,,,,,,0,0,#DIV/0!,#DIV/0!,#DIV/0!,#DIV/0!,0,0,#DIV/0!,#DIV/0!,#DIV/0!,#DIV/0!,,0,,,,,,,,,,,,,,,,,,,,,,,#DIV/0!,N/A,#DIV/0!
,,BING - MW,,0,0,0,0,0,0,,,,#DIV/0!,,,,,,0,0,#DIV/0!,#DIV/0!,#DIV/0!,#DIV/0!,0,0,#DIV/0!,#DIV/0!,#DIV/0!,#DIV/0!,,0,,,,,,,,,,,,,,,,,,,,,,,#DIV/0!,N/A,#DIV/0!
,,YAHOO,,0,0,0,0,0,0,,,,#DIV/0!,,,,,,0,0,#DIV/0!,#DIV/0!,#DIV/0!,#DIV/0!,0,0,#DIV/0!,#DIV/0!,#DIV/0!,#DIV/0!,,0,,,,,,,,,N/A,N/A,,,,,N/A,N/A,,N/A,N/A,N/A,,,#DIV/0!,N/A,#DIV/0!
,,YAHOO - CA,,0,0,0,0,0,0,,,,#DIV/0!,,,,,,0,0,#DIV/0!,#DIV/0!,#DIV/0!,#DIV/0!,0,0,#DIV/0!,#DIV/0!,#DIV/0!,#DIV/0!,,0,,,,,,,,,,,,,,,,,,,,,,,#DIV/0!,N/A,#DIV/0!
,,YAHOO - AM,,0,0,0,0,0,0,,,,#DIV/0!,,,,,,0,0,#DIV/0!,#DIV/0!,#DIV/0!,#DIV/0!,0,0,#DIV/0!,#DIV/0!,#DIV/0!,#DIV/0!,,0,,,,,,,,,,,,,,,,,,,,,,,#DIV/0!,N/A,#DIV/0!
,,YAHOO - MW,,0,0,0,0,0,0,,,,#DIV/0!,,,,,,0,0,#DIV/0!,#DIV/0!,#DIV/0!,#DIV/0!,0,0,#DIV/0!,#DIV/0!,#DIV/0!,#DIV/0!,,0,,,,,,,,,,,,,,,,,,,,,,,#DIV/0!,N/A,#DIV/0!
,,DUCK DUCK,,0,0,0,0,0,0,,,,#DIV/0!,,,,,,0,0,#DIV/0!,#DIV/0!,#DIV/0!,#DIV/0!,0,0,#DIV/0!,#DIV/0!,#DIV/0!,#DIV/0!,,0,,,,,,,,,N/A,N/A,,,,,N/A,N/A,,N/A,N/A,N/A,,,#DIV/0!,N/A,#DIV/0!
,,DUCK DUCK - CA,,0,0,0,0,0,0,,,,#DIV/0!,,,,,,0,0,#DIV/0!,#DIV/0!,#DIV/0!,#DIV/0!,0,0,#DIV/0!,#DIV/0!,#DIV/0!,#DIV/0!,,0,,,,,,,,,,,,,,,,,,,,,,,#DIV/0!,N/A,#DIV/0!
,,DUCK DUCK - AM,,0,0,0,0,0,0,,,,#DIV/0!,,,,,,0,0,#DIV/0!,#DIV/0!,#DIV/0!,#DIV/0!,0,0,#DIV/0!,#DIV/0!,#DIV/0!,#DIV/0!,,0,,,,,,,,,,,,,,,,,,,,,,,#DIV/0!,N/A,#DIV/0!
,,DUCK DUCK - MW,,0,0,0,0,0,0,,,,#DIV/0!,,,,,,0,0,#DIV/0!,#DIV/0!,#DIV/0!,#DIV/0!,0,0,#DIV/0!,#DIV/0!,#DIV/0!,#DIV/0!,,0,,,,,,,,,,,,,,,,,,,,,,,#DIV/0!,N/A,#DIV/0!
,,DIRECT,,9,1,0,8,3,6,,,"$114,416",#DIV/0!,,,,,,66,9,12713,1734,0,0,35,9,12713,3269,0,0,,0,,,,,,,,,N/A,N/A,,,,,N/A,N/A,,N/A,N/A,N/A,,,#DIV/0!,N/A,#DIV/0!
,,DIRECT - CA,,0,0,0,0,0,0,,,,#DIV/0!,,,,,,0,0,#DIV/0!,#DIV/0!,#DIV/0!,#DIV/0!,0,0,#DIV/0!,#DIV/0!,#DIV/0!,#DIV/0!,,0,,,,,,,,,,,,,,,,,,,,,,,#DIV/0!,N/A,#DIV/0!
,,DIRECT - AM,,4,1,0,3,1,3,,,"$51,464",#DIV/0!,,,,,,36,4,12866,1430,0,0,16,4,12866,3216,0,0,,0,,,,,,,,,,,,,,,,,,,,,,,#DIV/0!,N/A,#DIV/0!
,,DIRECT - MW,,5,0,0,5,2,3,,,"$62,952",#DIV/0!,,,,,,30,5,12590,2098,0,0,19,5,12590,3313,0,0,,0,,,,,,,,,,,,,,,,,,,,,,,#DIV/0!,N/A,#DIV/0!
,,REFERRAL,,0,0,0,0,0,0,,,,#DIV/0!,,,,,,0,0,#DIV/0!,#DIV/0!,#DIV/0!,#DIV/0!,0,0,#DIV/0!,#DIV/0!,#DIV/0!,#DIV/0!,,0,,,,,,,,,N/A,N/A,,,,,N/A,N/A,,N/A,N/A,N/A,,,#DIV/0!,N/A,#DIV/0!
,,TOTAL ORG/DIRECT,,14,2,1,11,5,8,,"$5,300","$166,055",31.33,0,0.00,0,0,0,108,14,"$11,861","$1,538",$379,$49,56,14,"$11,861",2965,$379,95,,0,0,0,0,0,0,0,0,,--,--,,--,0,0,0,0,,#VALUE!,#VALUE!,#VALUE!,0.00,0.00,#DIV/0!,--,#DIV/0!
,,,,,,,,,,,,,,,,,,,,,,,,,,,,,,,,,,,,,,,,,,,,,,,,,,,,,,,,,
,PMAX,PMAX BEDS CA,,3,0,0,3,1,2,,"$5,515","$25,948",4.71,,,,,,27,3,8649,961,1838,204,12,3,"$8,649",2162,"$1,838",460,,0,,,,,,,,,N/A,N/A,,,,,N/A,N/A,,"2,196.00",2.51,"164,163.00",,,#DIV/0!,N/A,#DIV/0!
,,PMAX HBEDS US,,2,0,0,2,2,0,,"$20,029","$27,846",1.39,,,,,,30,2,13923,928,10014,668,10,2,"$13,923",2785,"$10,014",2003,,0,,,,,,,,,N/A,N/A,,,,,N/A,N/A,,"8,260.00",2.42,"1,121,348.00",,,#DIV/0!,N/A,#DIV/0!
,,PMAX HBEDS US SS,,2,1,0,1,1,1,,"$3,036","$31,852",10.49,,,,,,15,2,15926,2123,1518,202,9,2,"$15,926",3539,"$1,518",337,,0,,,,,,,,,N/A,N/A,,,,,N/A,N/A,,"1,020.00",2.98,"83,980.00",,,#DIV/0!,N/A,#DIV/0!
,,PMAX HBEDS US TT,,2,1,0,1,1,1,,"$17,804","$25,807",1.45,,,,,,26,2,12904,993,8902,685,8,2,"$12,904",3226,"$8,902",2226,,0,,,,,,,,,N/A,N/A,,,,,,,,"3,411.00",5.22,"184,980.00",,,#DIV/0!,N/A,#DIV/0!
,,PMAX BEDS US TX,,0,0,0,0,0,0,,"$6,306",,0.00,,,,,,0,0,#DIV/0!,#DIV/0!,#DIV/0!,#DIV/0!,0,0,#DIV/0!,#DIV/0!,#DIV/0!,#DIV/0!,,0,,,,,,,,,,,,,,,,,,"4,305.00",1.46,"444,304.00",,,#DIV/0!,N/A,#DIV/0!
,,PMAX BEDS US NY,,1,1,0,0,0,1,,"$7,383","$14,207",1.92,,,,,,18,1,14207,789,7383,410,3,1,"$14,207",4736,"$7,383",2461,,0,,,,,,,,,,,,,,,,,,"4,581.00",1.61,"316,214.00",,,#DIV/0!,N/A,#DIV/0!
,,TOTAL PMAX,,10,3,0,7,5,5,,"$60,072","$125,660",2.09,,0,0,0,0,116,10,"51,402",1083,6007,518,42,10,"$51,402",2992,"$6,007","$1,430",,#REF!,0,0,0,0,0,0,0,,N/A,N/A,,--,0,0,0,0,,"23,773.00",2.47,2314989,0,0,#DIV/0!,--,#DIV/0!
,,,,,,,,,,,,,,,,,,,,,,,,,,,,,,,,,,,,,,,,,,,,,,,,,,,,,,,,,
,BING ADS,BING ADS,,3,1,0,2,1,1,,"$10,373","$38,883",3.75,,,,,,27,3,"$12,961","$1,440","$3,458",$384,11,3,"$12,961","$3,535","$3,458",$943,,0,,,,,,,,,N/A,N/A,,,,,N/A,N/A,,"3,691.00",2.81,"116,407.00",,,#DIV/0!,N/A,#DIV/0!
,,BING ADS - AM,,0,0,0,0,0,0,,,,#DIV/0!,,,,,,0,0,#DIV/0!,#DIV/0!,#DIV/0!,#DIV/0!,0,0,#DIV/0!,#DIV/0!,#DIV/0!,#DIV/0!,,0,,,,,,,,,,,,,,,,,,,,,,,#DIV/0!,N/A,#DIV/0!
,,BING ADS - MW,,3,1,0,2,1,1,,,"$38,883.00",#DIV/0!,,,,,,27,3,"$12,961.00","$1,440.11",0,0,11,3,"$12,961","$3,535",$0,$0,,0,,,,,,,,,,,,,,,,,,,,,,,#DIV/0!,N/A,#DIV/0!
,,TOTAL BING ADS,,3,1,0,2,1,1,,"$10,373","$38,883",4,0,0.00,0,0,0,27,3,"$12,961","$1,440","$3,458",$384,11,3,"$12,961","$3,535","$3,458",$943,,0,,,,,,,,,,,,,,,,,,"3,691.00",2.81,"116,407.00",,,#DIV/0!,--,#DIV/0!
,,,,,,,,,,,,,,,,,,,,,,,,,,,,,,,,,,,,,,,,,,,,,,,,,,,,,,,,,
,GMP,SA3601,,,,,,,,,,,#DIV/0!,,,,,,13,2,$0,$0,$0,$0,4,2,$0,$0,$0,$0,,0,,,,,,,,,N/A,N/A,,,,,N/A,N/A,,,,,,,#DIV/0!,N/A,#DIV/0!
,,TOTAL GMP,,0,0,0,0,0,0,,$0,$0,#DIV/0!,0,,0,0,0,13,2,$0,$0,$0,$0,4,2,$0,$0,$0,$0,,0,,,,,,,,,,,,,,,,,,0.00,#NUM!,0.00,0.00,0.00,#DIV/0!,--,#DIV/0!
,,,,,,,,,,,,,,,,,,,,,,,,,,,,,,,,,,,,,,,,,,,,,,,,,,,,,,,,,
,SOCIAL,FBA USA TX PHB,,,,,,,,,,,#DIV/0!,,,,,,,,#DIV/0!,#DIV/0!,#DIV/0!,#DIV/0!,,,#DIV/0!,#DIV/0!,#DIV/0!,#DIV/0!,,0,,,,,,,,,N/A,N/A,,,,,N/A,N/A,,,,,,,#DIV/0!,N/A,#DIV/0!
,,FBT USA PHB VD,,,,,,,,,,,#DIV/0!,,,,,,,,#DIV/0!,#DIV/0!,#DIV/0!,#DIV/0!,,,#DIV/0!,#DIV/0!,#DIV/0!,#DIV/0!,,0,,,,,,,,,N/A,N/A,,,,,N/A,N/A,,,,,,,#DIV/0!,N/A,#DIV/0!
,,FBC | USA | TTUSA Call,,,,,,,,,,,#DIV/0!,,,,,,,,#DIV/0!,#DIV/0!,#DIV/0!,#DIV/0!,,,#DIV/0!,#DIV/0!,#DIV/0!,#DIV/0!,,0,,,,,,,,,,,,,,,,,,,,,,,#DIV/0!,N/A,#DIV/0!
,,,,0,0,0,0,0,0,,$0,$0,#DIV/0!,0,0.00,0,0,0,0,0,#DIV/0!,#DIV/0!,#DIV/0!,#DIV/0!,0,0,#DIV/0!,#DIV/0!,#DIV/0!,#DIV/0!,,0,0,0,0,0,0,0,0,,,,,,0.00,0,,,,0.00,#NUM!,0.00,0.00,0.00,#DIV/0!,--,#DIV/0!
,,,,,,,,,,,,,,,,,,,,,,,,,,,,,,,,,,,,,,,,,,,,,,,,,,,,,,,,,
,MM,StackAdapt,,,,,,,,,,,#DIV/0!,,,,,,,,#DIV/0!,#DIV/0!,#DIV/0!,#DIV/0!,,,#DIV/0!,#DIV/0!,#DIV/0!,#DIV/0!,,0,,,,,,,,,,,,,,,,,,,,,,,#DIV/0!,N/A,#DIV/0!
,,TOTAL MM,,,,,,,,,,0,,,,,,,,,,,,,,,,,,,,0,,,,,,,,,,,,,,,,,,0,#NUM!,0,0,0,#DIV/0!,--,#DIV/0!
,,,,,,,,,,,,,,,,,,,,,,,,,,,,,,,,,,,,,,,,,,,,,,,,,,,,,,,,,
,TOTALS,TOTAL CANADA,,5,0,1,4,2,2,,"$5,887.88","$46,364.00",7.87,,,,,,50,5,"$9,272.80",$927.28,"$1,177.58",$117.76,20,5,"$9,272.80","$2,318.20","$1,177.58",$294.39,,0,,,,,,,,,,,,,,,,,,,,,,,#DIV/0!,N/A,#DIV/0!
,,TOTAL US - AM,,15,4,0,10,8,6,,"$42,119.49","$175,309.95",4.16,,,,,,151,15,"$11,687.33","$1,160.99","$2,807.97",$278.94,66,15,"$11,687.33","$2,656.21","$2,807.97",$638.17,,0,,,,,,,,,,,,,,,,,,,,,,,#DIV/0!,N/A,#DIV/0!
,,TOTAL US - MW,,17,4,0,13,6,10,,"$31,492.47","$214,059.00",6.80,,,,,,143,17,"$12,591.71","$1,496.92","$1,852.50",$220.23,67,17,"$12,591.71","$3,194.91","$1,852.50",$470.04,,0,,,,,,,,,,,,,,,,,,,,,,,#DIV/0!,N/A,#DIV/0!
,,TOTAL UNKNOWN,,2,0,0,0,0,2,,0,"$19,840.00",,,,,,,0,2,"$9,920.00",#DIV/0!,0,#DIV/0!,6,2,"$9,920.00","$3,306.67",0,0,,0,,,,,,,,,,,,,,,,,,,,,,,#DIV/0!,N/A,#DIV/0!
,,TOTAL - ALL DIGITAL,,39,8,1,27,16,20,,"$79,499.84","$455,572.95",5.73,0,0.00,0,0,0,361,42,"$10,846.98","$1,261.97","$1,892.85",$220.22,166,42,"$10,847","$2,744","$1,893",$479,,#REF!,0,#REF!,0,0,0,0,0,,,,,#VALUE!,0.00,0,??,??,,#VALUE!,#NUM!,#VALUE!,0.00,0.00,#DIV/0!,--,#DIV/0!
,,,,,,,,,,,,,,,,,,,,,,,,,,,,,,,,,,,,,,,,,,,,,,,,,,,,,,,,,
,,ORGANIC SOCIAL,,,,,,,,,,,,,,,,,,,,,,,,,,,,,,,,,,,,,,,,,,,,,,,,,,,,,,,
,,EMAIL,,,,,,,,,,,,,,,,,,,,,,,,,,,,,,,,,,,,,,,,,,,,,,,,,,,,,,,
,,,,,,,,,,,,,,,,,,,,,,,,,,,,,,,,,,,,,,,,,,,,,,,,,,,,,,,,,
,,,,,,,,,,,,,,,,,,,,,,,,,,,,,,,,,,,,,,,,,,,,,,,,,,,,,,,,,
,,,,,,,,,,,,,,,,,,,,,,,,,,,,,,,,,,,,,,,,,,,,,,,,,,,,,,,,,
,,,,,,,,,,,,,,,,,,,,,,,,,,,,,,,,,,,,,,,,,,,,,,,,,,,,,,,,,
,,,,,,,,,,,,,,,,,,,,,,,,,,,,,,,,,,,,,,,,,,,,,,,,,,,,,,,,,
,,,,,SHOP,,,,,,,,,,,,,,,,,,,,,,,,,,,,,,,,,,,,,,,,,,,,,,,,,,,,
,,,,,SEARCH,,,,,,,,,,,,,,,,,,,,,,,,,,,,,,,,,,,,,,,,,,,,,,,,,,,,
,,,,,BRANDED,,,,,,,,,,,,,,,,,,,,,,,,,,,,,,,,,,,,,,,,,,,,,,,,,,,,
,,,,,RENTAL,,,,,,,,,,,,,,,,,,,,,,,,,,,,,,,,,,,,,,,,,,,,,,,,,,,,
,,,,,ORGANIC,,,,,,,,,,,,,,,,,,,,,,,,,,,,,,,,,,,,,,,,,,,,,,,,,,,,
,,,,,PMAX,,,,,,,,,,,,,,,,,,,,,,,,,,,,,,,,,,,,,,,,,,,,,,,,,,,,
,,,,,BING ADS,,,,,,,,,,,,,,,,,,,,,,,,,,,,,,,,,,,,,,,,,,,,,,,,,,,,
,,,,,GMP,,,,,,,,,,,,,,,,,,,,,,,,,,,,,,,,,,,,,,,,,,,,,,,,,,,,
,,,,,SOCIAL,,,,,,,,,,,,,,,,,,,,,,,,,,,,,,,,,,,,,,,,,,,,,,,,,,,,
,,,,,MM,,,,,,,,,,,,,,,,,,,,,,,,,,,,,,,,,,,,,,,,,,,,,,,,,,,,